Input_Text,Process_Text,Status,Before Replace,After Replace
আমার ডেন্টিস্টের অ্যাপয়েন্টমেন্ট ১০ এপ্রিল ১৯৯৬.,আমার ডেন্টিস্টের অ্যাপয়েন্টমেন্ট দশ এপ্রিল উনিশশো ছিয়ানব্বই . ,False,"['১০', '১৯৯৬.']","['দশ', 'উনিশশো ছিয়ানব্বই .']"
"The numbers are 10 নন-ক্যাডার 20.5  30, and 40.75. সুপারিশ ২০৩০.৩০ 12 23 45",The numbers are দশ নন ক্যাডার বিশ দশমিক পাঁচ ত্রিশ and চল্লিশ দশমিক সাত পাঁচ সুপারিশ দুই হাজার ত্রিশ দশমিক তিন শূন্য বারো তেইশ পঁয়তাল্লিশ ,False,"['10', 'নন-ক্যাডার', '20.5 30,', '40.75.', '২০৩০.৩০ 12 23 45']","['দশ নন', 'ক্যাডার', 'বিশ দশমিক পাঁচ ত্রিশ', 'চল্লিশ দশমিক সাত পাঁচ', 'দুই হাজার ত্রিশ দশমিক তিন শূন্য বারো তেইশ পঁয়তাল্লিশ']"
১৯৯৬ সালের ৬ তারিখে নির্ধারিত করা হয়েছে.,উনিশশো ছিয়ানব্বই সালের ছয় তারিখে নির্ধারিত করা হয়েছে . ,False,"['১৯৯৬', '৬', 'হয়েছে.']","['উনিশশো ছিয়ানব্বই', 'ছয়', 'হয়েছে .']"
১৯৯৬ সালের ৬ সেপ্টেম্বর ভ্রমণ পরিকল্পনা করছি.,উনিশশো ছিয়ানব্বই সালের ছয় সেপ্টেম্বর ভ্রমণ পরিকল্পনা করছি . ,False,"['১৯৯৬', '৬', 'করছি.']","['উনিশশো ছিয়ানব্বই', 'ছয়', 'করছি .']"
আমি জুলাই ২০২৩ তে একটি সমুদ্র ভ্রমণ পরিকল্পনা করছি.,আমি জুলাই দুই হাজার তেইশ তে একটি সমুদ্র ভ্রমণ পরিকল্পনা করছি . ,False,"['২০২৩', 'করছি.']","['দুই হাজার তেইশ', 'করছি .']"
সম্মেলনটি সেপ্টেম্বর ০৫ ২০২৩ তারিখে নির্ধারিত করা হয়েছে.,সম্মেলনটি সেপ্টেম্বর পাঁচ দুই হাজার তেইশ তারিখে নির্ধারিত করা হয়েছে . ,False,"['০৫ ২০২৩', 'হয়েছে.']","['পাঁচ দুই হাজার তেইশ', 'হয়েছে .']"
আমরা খ্রীষ্টমাসের জন্য ডিসেম্বর ২৫ ২০২৩ তারিখে পরিবারের সংগঠন করব.,আমরা খ্রীষ্টমাসের জন্য ডিসেম্বর পঁচিশ দুই হাজার তেইশ তারিখে পরিবারের সংগঠন করব . ,False,"['২৫ ২০২৩', 'করব.']","['পঁচিশ দুই হাজার তেইশ', 'করব .']"
"আমার বোনের বিয়ে ১৮ মার্চ, ২০২৩ তারিখে.","আমার বোনের বিয়ে আঠারো মার্চ, দুই হাজার তেইশ তারিখে . ",False,"['১৮', '২০২৩', 'তারিখে.']","['আঠারো', 'দুই হাজার তেইশ', 'তারিখে .']"
"আমি আগামী ১২ আগস্ট, ২০২৩ তারিখে আমার জন্মদিনে দেখা করছি.","আমি আগামী বারো আগস্ট, দুই হাজার তেইশ তারিখে আমার জন্মদিনে দেখা করছি . ",False,"['১২', '২০২৩', 'করছি.']","['বারো', 'দুই হাজার তেইশ', 'করছি .']"
আমরা ফেব্রুয়ারি ২০২৩ তে স্কিউইং যাব.,আমরা ফেব্রুয়ারি দুই হাজার তেইশ তে স্কিউইং যাব . ,False,"['২০২৩', 'যাব.']","['দুই হাজার তেইশ', 'যাব .']"
আমাদের কোম্পানির পিকনিকটি জুন ৩০ ২০২৩ তারিখে নির্ধারিত হয়েছে.,আমাদের কোম্পানির পিকনিকটি জুন ত্রিশ দুই হাজার তেইশ তারিখে নির্ধারিত হয়েছে . ,False,"['৩০ ২০২৩', 'হয়েছে.']","['ত্রিশ দুই হাজার তেইশ', 'হয়েছে .']"
"আমার গুরুত্বপূর্ণ পরীক্ষা ১০ মে, ২০২৩ তারিখে.","আমার গুরুত্বপূর্ণ পরীক্ষা দশ মে, দুই হাজার তেইশ তারিখে . ",False,"['১০', '২০২৩', 'তারিখে.']","['দশ', 'দুই হাজার তেইশ', 'তারিখে .']"
নতুন সেমিস্টার শুরু হয় জানুয়ারি ২০২৩ তারিখে.,নতুন সেন্টিমিটারস্টার শুরু হয় জানুয়ারি দুই হাজার তেইশ তারিখে . ,False,"['সেমিস্টার', '২০২৩', 'তারিখে.']","['সেন্টিমিটারস্টার', 'দুই হাজার তেইশ', 'তারিখে .']"
আমরা এপ্রিল ২০২৩ তে একটি রোড ট্রিপ পরিকল্পনা করছি.,আমরা এপ্রিল দুই হাজার তেইশ তে একটি রোড ট্রিপ পরিকল্পনা করছি . ,False,"['২০২৩', 'করছি.']","['দুই হাজার তেইশ', 'করছি .']"
আমি অক্টোবর ২০২৩ তারিখে একটি নতুন অ্যাপার্টমেন্টে যাচ্ছি.,আমি অক্টোবর দুই হাজার তেইশ তারিখে একটি নতুন অ্যাপার্টমেন্টে যাচ্ছি . ,False,"['২০২৩', 'যাচ্ছি.']","['দুই হাজার তেইশ', 'যাচ্ছি .']"
"আপনার ক্যালেন্ডারের মার্ক নভেম্বর ০৫, 1996, এটি দীপাবলি.","আপনার ক্যালেন্ডারের মার্ক নভেম্বর পাঁচ উনিশশো ছিয়ানব্বই, এটি দীপাবলি . ",False,"['০৫, 1996,', 'দীপাবলি.']","['পাঁচ উনিশশো ছিয়ানব্বই,', 'দীপাবলি .']"
আমি জুলাই 1996 তারিখে গরম শিবিরের জন্য উৎসাহিত.,আমি জুলাই উনিশশো ছিয়ানব্বই তারিখে গরম শিবিরের জন্য উৎসাহিত . ,False,"['1996', 'উৎসাহিত.']","['উনিশশো ছিয়ানব্বই', 'উৎসাহিত .']"
"মার্চ ২৫, 1195 তারিখের কনসার্ট টিকেটগুলি দ্রুত বিক্রয় হচ্ছে.",মার্চ পঁচিশ এগারোশো পঁচানব্বই তারিখের কনসার্টটিকেটগুলি দ্রুত বিক্রয় হচ্ছে . ,False,"['২৫, 1195', 'কনসার্ট টিকেটগুলি', 'হচ্ছে.']","['পঁচিশ এগারোশো পঁচানব্বই', 'কনসার্টটিকেটগুলি', 'হচ্ছে .']"
আগস্ট ২০২৩ তারিখে একটি বারবিকিউ পার্টি আয়োজন করা হবে.,আগস্ট দুই হাজার তেইশ তারিখে একটি বারবিকিউ পার্টি আয়োজন করা হবে . ,False,"['২০২৩', 'হবে.']","['দুই হাজার তেইশ', 'হবে .']"
আমি মে ২০২৩ তারিখে আমার নানা-নানির কাছে যাচ্ছি.,আমি মে দুই হাজার তেইশ তারিখে আমার নানা নানির কাছে যাচ্ছি . ,False,"['২০২৩', 'নানা-নানির', 'যাচ্ছি.']","['দুই হাজার তেইশ', 'নানা নানির', 'যাচ্ছি .']"
আমি সেপ্টেম্বর ২০২৩ তারিখে একটি বিয়ে অনুষ্ঠানে যাচ্ছি.,আমি সেপ্টেম্বর দুই হাজার তেইশ তারিখে একটি বিয়ে অনুষ্ঠানে যাচ্ছি . ,False,"['২০২৩', 'যাচ্ছি.']","['দুই হাজার তেইশ', 'যাচ্ছি .']"
আমরা জুন ২০২৩ তে ইউরোপে একটি ভ্রমণ পরিকল্পনা করছি.,আমরা জুন দুই হাজার তেইশ তে ইউরোপে একটি ভ্রমণ পরিকল্পনা করছি . ,False,"['২০২৩', 'করছি.']","['দুই হাজার তেইশ', 'করছি .']"
"আমার ডেন্টিস্টের অ্যাপয়েন্টমেন্ট এপ্রিল ১০, ২০২৩ তারিখে.",আমার ডেন্টিস্টের অ্যাপয়েন্টমেন্ট এপ্রিল দশ দুই হাজার তেইশ তারিখে . ,False,"['১০, ২০২৩', 'তারিখে.']","['দশ দুই হাজার তেইশ', 'তারিখে .']"
কোম্পানির বার্ষিক সভা ফেব্রুয়ারি ১৭৫৯ তারিখে হয়.,কোম্পানির বার্ষিক সভা ফেব্রুয়ারি সতেরোশো ঊনষাট তারিখে হয় . ,False,"['১৭৫৯', 'হয়.']","['সতেরোশো ঊনষাট', 'হয় .']"
"আমার অনুষ্ঠান সমাপন হয়েছে জুন ১৫, ১৭৫৯ তারিখে.",আমার অনুষ্ঠান সমাপন হয়েছে জুন পনেরো সতেরোশো ঊনষাট তারিখে . ,False,"['১৫, ১৭৫৯', 'তারিখে.']","['পনেরো সতেরোশো ঊনষাট', 'তারিখে .']"
আমি মার্চ ১৭৫৯ তারিখে একটি নতুন চাকরি শুরু করছি.,আমি মার্চ সতেরোশো ঊনষাট তারিখে একটি নতুন চাকরি শুরু করছি . ,False,"['১৭৫৯', 'করছি.']","['সতেরোশো ঊনষাট', 'করছি .']"
আমি মে ১৭৫৯ তারিখে পাহাড়ে ট্রেকিং করতে যাচ্ছি.,আমি মে সতেরোশো ঊনষাট তারিখে পাহাড়ে ট্রেকিং করতে যাচ্ছি . ,False,"['১৭৫৯', 'যাচ্ছি.']","['সতেরোশো ঊনষাট', 'যাচ্ছি .']"
বিদ্যালয়ের নাটকটি নভেম্বর ১৭৫৯ তারিখে নির্ধারিত হয়েছে.,বিদ্যালয়ের নাটকটি নভেম্বর সতেরোশো ঊনষাট তারিখে নির্ধারিত হয়েছে . ,False,"['১৭৫৯', 'হয়েছে.']","['সতেরোশো ঊনষাট', 'হয়েছে .']"
আমরা অক্টোবর ২০২৩ তার,আমরা অক্টোবর দুই হাজার তেইশ তার,False,['২০২৩'],['দুই হাজার তেইশ']
১৯৯৬ সালের ৬ সেপ্টেম্বর,উনিশশো ছিয়ানব্বই সালের ছয় সেপ্টেম্বর,False,"['১৯৯৬', '৬']","['উনিশশো ছিয়ানব্বই', 'ছয়']"
২০৩০ সালের ৬ সেপ্টেম্বর,দুই হাজার ত্রিশ সালের ছয় সেপ্টেম্বর,False,"['২০৩০', '৬']","['দুই হাজার ত্রিশ', 'ছয়']"
১৯৯৬ সালের৬ তারিখে নির্ধারিত করা হয়েছে.,উনিশশো ছিয়ানব্বই সালের ছয় তারিখে নির্ধারিত করা হয়েছে . ,False,"['১৯৯৬', 'সালের৬', 'হয়েছে.']","['উনিশশো ছিয়ানব্বই', 'সালের ছয়', 'হয়েছে .']"
১৯৯৬সালের ৬ সেপ্টেম্বররণ ভ্রমণ পরিকল্পনা করছি ২০৩০সালের ৬সেপ্টেম্বর,উনিশশো ছিয়ানব্বই সালের ছয় সেপ্টেম্বররণ ভ্রমণ পরিকল্পনা করছি দুই হাজার ত্রিশ সালের ছয় সেপ্টেম্বর,False,"['১৯৯৬সালের ৬', '২০৩০সালের', '৬সেপ্টেম্বর']","['উনিশশো ছিয়ানব্বই সালের ছয়', 'দুই হাজার ত্রিশ সালের ছয়', 'সেপ্টেম্বর']"
এয়ারলাইনসসহ তিনটি এয়ারলাইনসের ৫১টি ফ্লাইটে মো: ২০ হাজার ২৯১ জন হজযাত্রী সৌদি আরবে গেছেন। এ বছর হজ করতে ৮৫ হাজার ২৫৭ জনের সৌদি আরবে যাওয়ার কথা রয়েছে।,এয়ারলাইনসসহ তিনটি এয়ারলাইনসের একান্নটি ফ্লাইটে মোহাম্মদ বিশ হাজার দুইশো একানব্বই জন হজযাত্রী সৌদি আরবে গেছেন। এ বছর হজ করতে পঁচাশি হাজার দুইশো সাতান্ন জনের সৌদি আরবে যাওয়ার কথা রয়েছে।,False,"['৫১টি', 'মো: ২০', '২৯১', '৮৫', '২৫৭']","['একান্নটি', 'মোহাম্মদ বিশ', 'দুইশো একানব্বই', 'পঁচাশি', 'দুইশো সাতান্ন']"
 সাঃ কিমি হাফিক বিডিটি এয়ারলাইনসসহ তিনটি এয়ারলাইনসের ৫১টি কিমি. ফ্লাইটে মোট ২০ হাজার ২৯১ জন হজযাত্রী সৌদি আরবে গেছেন। এ বছর হজ করতে ৮৫ হাজার ২৫৭ জনের সৌদি আরবে যাওয়ার কথা রয়েছে। ৫ম,সাল্লাল্লাহু আলাইহি ওয়া সাল্লাম কিলোমিটার হাফিক বিডিটি এয়ারলাইনসসহ তিনটি এয়ারলাইনসের একান্নটি কিলোমিটার . ফ্লাইটে মোট বিশ হাজার দুইশো একানব্বই জন হজযাত্রী সৌদি আরবে গেছেন। এ বছর হজ করতে পঁচাশি হাজার দুইশো সাতান্ন জনের সৌদি আরবে যাওয়ার কথা রয়েছে। পঞ্চম,False,"['সাঃ কিমি', '৫১টি কিমি.', '২০', '২৯১', '৮৫', '২৫৭', '৫ম']","['সাল্লাল্লাহু আলাইহি ওয়া সাল্লাম কিলোমিটার', 'একান্নটি কিলোমিটার .', 'বিশ', 'দুইশো একানব্বই', 'পঁচাশি', 'দুইশো সাতান্ন', 'পঞ্চম']"
"প্রদর্শনীটি চলার কথা ছিল ১২ মে পর্যন্ত, তবে দর্শকদের ব্যাপক আগ্রহের কারণে তিন দিন সময় বাড়িয়ে ১৫ মে পর্যন্ত করা হয়েছিল ১৫.১৫","প্রদর্শনীটি চলার কথা ছিল বারো মে পর্যন্ত, তবে দর্শকদের ব্যাপক আগ্রহের কারণে তিন দিন সময় বাড়িয়ে পনেরো মে পর্যন্ত করা হয়েছিল পনেরো দশমিক এক পাঁচ ",False,"['১২', '১৫', '১৫.১৫']","['বারো', 'পনেরো', 'পনেরো দশমিক এক পাঁচ']"
"The numbers are 10 নন-ক্যাডার 20.5  30, and 40.75. সুপারিশ ২০৩০.৩০ 12 23 45",The numbers are দশ নন ক্যাডার বিশ দশমিক পাঁচ ত্রিশ and চল্লিশ দশমিক সাত পাঁচ সুপারিশ দুই হাজার ত্রিশ দশমিক তিন শূন্য বারো তেইশ পঁয়তাল্লিশ ,False,"['10', 'নন-ক্যাডার', '20.5 30,', '40.75.', '২০৩০.৩০ 12 23 45']","['দশ নন', 'ক্যাডার', 'বিশ দশমিক পাঁচ ত্রিশ', 'চল্লিশ দশমিক সাত পাঁচ', 'দুই হাজার ত্রিশ দশমিক তিন শূন্য বারো তেইশ পঁয়তাল্লিশ']"
[১৯৯৬]-সালের-৬:তারিখে-নির্ধারিত করা হয়েছে,উনিশশো ছিয়ানব্বই সালের- ছয় তারিখে নির্ধারিত করা হয়েছে,False,['[১৯৯৬]-সালের-৬:তারিখে-নির্ধারিত'],['উনিশশো ছিয়ানব্বই সালের- ছয় তারিখে নির্ধারিত']
[১৯৯৬]-সালের-৬:তারিখে-নির্ধারিত করা হয়েছে.,উনিশশো ছিয়ানব্বই সালের- ছয় তারিখে নির্ধারিত করা হয়েছে . ,False,"['[১৯৯৬]-সালের-৬:তারিখে-নির্ধারিত', 'হয়েছে.']","['উনিশশো ছিয়ানব্বই সালের- ছয় তারিখে নির্ধারিত', 'হয়েছে .']"
১৯৯৬সালের ৬ সেপ্টেম্বররণ ভ্রমণ পরিকল্পনা করছি ২০৩০সালের ৬সেপ্টেম্বর,উনিশশো ছিয়ানব্বই সালের ছয় সেপ্টেম্বররণ ভ্রমণ পরিকল্পনা করছি দুই হাজার ত্রিশ সালের ছয় সেপ্টেম্বর,False,"['১৯৯৬সালের ৬', '২০৩০সালের', '৬সেপ্টেম্বর']","['উনিশশো ছিয়ানব্বই সালের ছয়', 'দুই হাজার ত্রিশ সালের ছয়', 'সেপ্টেম্বর']"
আজকের তাপমাত্রা ৪৪°F,আজকের তাপমাত্রা চুয়াল্লিশ ডিগ্রী ফারেনহাইট,False,['৪৪°F'],['চুয়াল্লিশ ডিগ্রী ফারেনহাইট']
আজকের তাপমাত্রা ৪৪°C,আজকের তাপমাত্রা চুয়াল্লিশ ডিগ্রী সেলসিয়াস,False,['৪৪°C'],['চুয়াল্লিশ ডিগ্রী সেলসিয়াস']
যেমন ১৯৬১ সালে দেশটির তৎকালীন প্রেসিডেন্ট ডোয়াইট ডি আইজেনহাওয়ার শিক্ষা খাতে সামরিক শিল্পের প্রবেশের বিপদ নিয়ে সতর্ক করেছিলেন।,যেমন উনিশশো একষট্টি সালে দেশটির তৎকালীন প্রেসিডেন্ট ডোয়াইট ডি আইজেনহাওয়ার শিক্ষা খাতে সামরিক শিল্পের প্রবেশের বিপদ নিয়ে সতর্ক করেছিলেন।,False,['১৯৬১'],['উনিশশো একষট্টি']
১৯৯৬সালের ৬ সেপ্টেম্বররণ ভ্রমণ পরিকল্পনা করছি ২০৩০সালের ৬সেপ্টেম্বর,উনিশশো ছিয়ানব্বই সালের ছয় সেপ্টেম্বররণ ভ্রমণ পরিকল্পনা করছি দুই হাজার ত্রিশ সালের ছয় সেপ্টেম্বর,False,"['১৯৯৬সালের ৬', '২০৩০সালের', '৬সেপ্টেম্বর']","['উনিশশো ছিয়ানব্বই সালের ছয়', 'দুই হাজার ত্রিশ সালের ছয়', 'সেপ্টেম্বর']"
"উদাহরণস্বরূপ, আপনার মোটরযানের রেজিস্ট্রেশন নাম্বার ঢাকা মেট্রো-গ-12-1212 এবং টাকা জমা রশিদের ট্রানজেকশন নাম্বার 2001011325989","উদাহরণস্বরূপ, আপনার মোটরযানের রেজিস্ট্রেশন নাম্বার ঢাকা মেট্রো গ বারো দশমিক এক দুই এক দুই এবং টাকা জমা রশিদের ট্রানজেকশন নাম্বার দুই লক্ষ একশো এক কোটি তেরো লক্ষ পঁচিশ হাজার নয়শো ঊননব্বই ",False,"['মেট্রো-গ-12-1212', '2001011325989']","['মেট্রো গ বারো দশমিক এক দুই এক দুই', 'দুই লক্ষ একশো এক কোটি তেরো লক্ষ পঁচিশ হাজার নয়শো ঊননব্বই']"
[১৯৯৬]-সালের-৬:তারিখে- ১৯৯৬—৯৯ নির্ধারিত করা হয়েছে. ১৯৯৬-৯৯,উনিশশো ছিয়ানব্বই সালের- ছয় তারিখে উনিশশো ছিয়ানব্বই নিরানব্বই নির্ধারিত করা হয়েছে . উনিশশো ছিয়ানব্বই নিরানব্বই,False,"['[১৯৯৬]-সালের-৬:তারিখে- ১৯৯৬—৯৯', 'হয়েছে.', '১৯৯৬-৯৯']","['উনিশশো ছিয়ানব্বই সালের- ছয় তারিখে উনিশশো ছিয়ানব্বই নিরানব্বই', 'হয়েছে', '. উনিশশো ছিয়ানব্বই নিরানব্বই']"
১৯৮৭-র ১৯৯৫ সালে,উনিশশো সাতাশি এর উনিশশো পঁচানব্বই সালে,False,['১৯৮৭-র ১৯৯৫'],['উনিশশো সাতাশি এর উনিশশো পঁচানব্বই']
"দয়া !@করে #পবিত্র &)কুরআনুল *কারিম বলেন,,,,পবিত্র কথাটা অবশ্যই বলবেন,,, প্লিজ","দয়া! এট দা রেট করে পবিত্র এবং কুরআনুল *কারিম বলেন, পবিত্র কথাটা অবশ্যই বলবেন, প্লিজ",False,"['দয়া', '!@করে', '#পবিত্র', '&)কুরআনুল', 'বলেন,,,,পবিত্র', 'বলবেন,,,']","['দয়া!', 'এট দা রেট', 'করে', 'পবিত্র এবং', 'কুরআনুল', 'বলেন, পবিত্র', 'বলবেন,']"
১৯৯৬সালের ৬ সেপ্টেম্বররণ ভ্রমণ পরিকল্পনা ৬ সেপ্টেম্বর করছি ২০৩০সালের ২সেপ্টেম্বর,উনিশশো ছিয়ানব্বই সালের ছয় সেপ্টেম্বররণ ভ্রমণ পরিকল্পনা ছয় সেপ্টেম্বর করছি দুই হাজার ত্রিশ সালের দুই সেপ্টেম্বর,False,"['১৯৯৬সালের ৬', '৬', '২০৩০সালের', '২সেপ্টেম্বর']","['উনিশশো ছিয়ানব্বই সালের ছয়', 'ছয়', 'দুই হাজার ত্রিশ সালের দুই', 'সেপ্টেম্বর']"
" দুর্নীতির মাধ্যমে অর্জিত আয়ের উৎস গোপনের জন্য নিজের নামসহ তাঁর আত্মীয়স্বজনের নামে ৭০০০টির বেশি হিসাব খোলেন।""","দুর্নীতির মাধ্যমে অর্জিত আয়ের উৎস গোপনের জন্য নিজের নামসহ তাঁর আত্মীয়স্বজনের নামে সাত হাজারটির বেশি হিসাব খোলেন। """,False,"['৭০০০টির', 'খোলেন।""']","['সাত হাজারটির', 'খোলেন। ""']"
১৯৯৬ সালের নির্ধারিত করা হয়েছে. ১৯৯৬-৯৬,উনিশশো ছিয়ানব্বই সালের নির্ধারিত করা হয়েছে . উনিশশো ছিয়ানব্বই ছিয়ানব্বই,False,"['১৯৯৬', 'হয়েছে.', '১৯৯৬-৯৬']","['উনিশশো ছিয়ানব্বই', 'হয়েছে', '. উনিশশো ছিয়ানব্বই ছিয়ানব্বই']"
১৯৯৬সালের ৬ সেপ্টেম্বররণ ভ্রমণ পরিকল্পনা করছি ২০৩০সালের ৬সেপ্টেম্বর দুর্নীতির মাধ্যমে অর্জিত আয়ের উৎস গোপনের জন্য নিজের নামসহ তাঁর আত্মীয়স্বজনের নামে ৭০০০টির বেশি হিসাব খোলেন।,উনিশশো ছিয়ানব্বই সালের ছয় সেপ্টেম্বররণ ভ্রমণ পরিকল্পনা করছি দুই হাজার ত্রিশ সালের ছয় সেপ্টেম্বর দুর্নীতির মাধ্যমে অর্জিত আয়ের উৎস গোপনের জন্য নিজের নামসহ তাঁর আত্মীয়স্বজনের নামে সাত হাজারটির বেশি হিসাব খোলেন।,False,"['১৯৯৬সালের ৬', '২০৩০সালের', '৬সেপ্টেম্বর', '৭০০০টির']","['উনিশশো ছিয়ানব্বই সালের ছয়', 'দুই হাজার ত্রিশ সালের ছয়', 'সেপ্টেম্বর', 'সাত হাজারটির']"
আজকের তাপমাত্রা৪৪°F,আজকের তাপমাত্রা চুয়াল্লিশ ডিগ্রী ফারেনহাইট,False,['তাপমাত্রা৪৪°F'],['তাপমাত্রা চুয়াল্লিশ ডিগ্রী ফারেনহাইট']
আজকের তাপমাত্রা ৪৪°C,আজকের তাপমাত্রা চুয়াল্লিশ ডিগ্রী সেলসিয়াস,False,['৪৪°C'],['চুয়াল্লিশ ডিগ্রী সেলসিয়াস']
যেমন ১৯৬১ সালে দেশটির তৎকালীন প্রেসিডেন্ট ডোয়াইট ডি আইজেনহাওয়ার শিক্ষা খাতে সামরিক শিল্পের প্রবেশের বিপদ নিয়ে সতর্ক করেছিলেন।,যেমন উনিশশো একষট্টি সালে দেশটির তৎকালীন প্রেসিডেন্ট ডোয়াইট ডি আইজেনহাওয়ার শিক্ষা খাতে সামরিক শিল্পের প্রবেশের বিপদ নিয়ে সতর্ক করেছিলেন।,False,['১৯৬১'],['উনিশশো একষট্টি']
১৯৯৬সালের ৬ সেপ্টেম্বররণ ভ্রমণ পরিকল্পনা করছি ২০৩০সালের ৬সেপ্টেম্বর,উনিশশো ছিয়ানব্বই সালের ছয় সেপ্টেম্বররণ ভ্রমণ পরিকল্পনা করছি দুই হাজার ত্রিশ সালের ছয় সেপ্টেম্বর,False,"['১৯৯৬সালের ৬', '২০৩০সালের', '৬সেপ্টেম্বর']","['উনিশশো ছিয়ানব্বই সালের ছয়', 'দুই হাজার ত্রিশ সালের ছয়', 'সেপ্টেম্বর']"
" বাংলাদেশের পাসপোর্টের অভ্যন্তরে ইস্যু করানোর সময়ে নিয়মিত, জরুরী, এবং অতীব জরুরী বিতরণের ফি নিম্নলিখিত: নিয়মিত বিতরণ (48 পৃষ্ঠা এবং 10 বছর মেয়াদ) পাসপোর্ট ফি: ৪,০২৫ টাকা জরুরী বিতরণ (48 পৃষ্ঠা এবং 10 বছর মেয়াদ) পাসপোর্ট ফি: ৬,৩২৫ টাকা অতীব জরুরী বিতরণ (48 পৃষ্ঠা এবং 10 বছর মেয়াদ) পাসপোর্ট ফি: ৮,৬২৫ টাকা নিয়মিত বিতরণ (64 পৃষ্ঠা এবং 5 বছর মেয়াদ) পাসপোর্ট ফি: ৫,৭৫০ টাকা জরুরী বিতরণ (64 পৃষ্ঠা এবং 5 বছর মেয়াদ) পাসপোর্ট ফি: ৮,০৫০ টাকা অতীব জরুরী বিতরণ (64 পৃষ্ঠা এবং 5 বছর মেয়াদ) পাসপোর্ট ফি: ১০,৩৫০ টাকা","বাংলাদেশের পাসপোর্টের অভ্যন্তরে ইস্যু করানোর সময়ে নিয়মিত, জরুরী, এবং অতীব জরুরী বিতরণের ফি নিম্নলিখিত নিয়মিত বিতরণ আটচল্লিশ পৃষ্ঠা এবং দশ বছর মেয়াদ পাসপোর্ট ফি চার হাজার পঁচিশ টাকা জরুরী বিতরণ আটচল্লিশ পৃষ্ঠা এবং দশ বছর মেয়াদ পাসপোর্ট ফি ছয় হাজার তিনশো পঁচিশ টাকা অতীব জরুরী বিতরণ আটচল্লিশ পৃষ্ঠা এবং দশ বছর মেয়াদ পাসপোর্ট ফি আট হাজার ছয়শো পঁচিশ টাকা নিয়মিত বিতরণ চৌষট্টি পৃষ্ঠা এবং পাঁচ বছর মেয়াদ পাসপোর্ট ফি পাঁচ হাজার সাতশো পঞ্চাশ টাকা জরুরী বিতরণ চৌষট্টি পৃষ্ঠা এবং পাঁচ বছর মেয়াদ পাসপোর্ট ফি আট হাজার পঞ্চাশ টাকা অতীব জরুরী বিতরণ চৌষট্টি পৃষ্ঠা এবং পাঁচ বছর মেয়াদ পাসপোর্ট ফি দশ হাজার তিনশো পঞ্চাশ টাকা",False,"['নিম্নলিখিত:', '(48', '10', 'মেয়াদ)', 'ফি:', '৪,০২৫', '(48', '10', 'মেয়াদ)', 'ফি:', '৬,৩২৫', '(48', '10', 'মেয়াদ)', 'ফি:', '৮,৬২৫', '(64', '5', 'মেয়াদ)', 'ফি:', '৫,৭৫০', '(64', '5', 'মেয়াদ)', 'ফি:', '৮,০৫০', '(64', '5', 'মেয়াদ)', 'ফি:', '১০,৩৫০']","['নিম্নলিখিত', 'আটচল্লিশ', 'দশ', 'মেয়াদ', 'ফি', 'চার হাজার পঁচিশ', 'আটচল্লিশ', 'দশ', 'মেয়াদ', 'ফি', 'ছয় হাজার তিনশো পঁচিশ', 'আটচল্লিশ', 'দশ', 'মেয়াদ', 'ফি', 'আট হাজার ছয়শো পঁচিশ', 'চৌষট্টি', 'পাঁচ', 'মেয়াদ', 'ফি', 'পাঁচ হাজার সাতশো পঞ্চাশ', 'চৌষট্টি', 'পাঁচ', 'মেয়াদ', 'ফি', 'আট হাজার পঞ্চাশ', 'চৌষট্টি', 'পাঁচ', 'মেয়াদ', 'ফি', 'দশ হাজার তিনশো পঞ্চাশ']"
বাংলাদেশের পাসপোর্টের অভ্যন্তরে ইস্যু করানোর সময় 10/12/1956,বাংলাদেশের পাসপোর্টের অভ্যন্তরে ইস্যু করানোর সময় দশ ডিসেম্বর উনিশশো ছাপ্পান্ন ,False,['10/12/1956'],['দশ ডিসেম্বর উনিশশো ছাপ্পান্ন']
৬/৯/১৯৯৬ বাংলাদেশের পাসপোর্টের অভ্যন্তরে ইস্যু করানোর সময় 10/12/24, ছয় সেপ্টেম্বর উনিশশো ছিয়ানব্বই বাংলাদেশের পাসপোর্টের অভ্যন্তরে ইস্যু করানোর সময় দশ / বারো / চব্বিশ ,False,"['৬/৯/১৯৯৬', '10/12/24']","['ছয় সেপ্টেম্বর উনিশশো ছিয়ানব্বই', 'দশ / বারো / চব্বিশ']"
ডিজিটাল রেজিস্ট্রেশন সার্টিফিকেট সংক্রান্ত যোগাযোগ করতে হলে 01790-111111 অথবা 01790-540210 নম্বরে যোগাযোগ করতে হবে +8801790540211,ডিজিটাল রেজিস্ট্রেশন সার্টিফিকেট সংক্রান্ত যোগাযোগ করতে হলে জিরো ওয়ান সেভেন নাইন জিরো ট্রিপল ওয়ান ট্রিপল ওয়ান অথবা জিরো ওয়ান সেভেন নাইন জিরো ফাইভ ফোর জিরো টু ওয়ান জিরো নম্বরে যোগাযোগ করতে হবে প্লাস ডাবল এইট জিরো ওয়ান সেভেন নাইন জিরো ফাইভ ফোর জিরো টু ডাবল ওয়ান,False,"['01790-111111', '01790-540210', '+8801790540211']","['জিরো ওয়ান সেভেন নাইন জিরো ট্রিপল ওয়ান ট্রিপল ওয়ান', 'জিরো ওয়ান সেভেন নাইন জিরো ফাইভ ফোর জিরো টু ওয়ান জিরো', 'প্লাস ডাবল এইট জিরো ওয়ান সেভেন নাইন জিরো ফাইভ ফোর জিরো টু ডাবল ওয়ান']"
ডিজিটাল রেজিস্ট্রেশন সার্টিফিকেট সংক্রান্ত যোগাযোগ করতে হলে ০১৭৯০-১১১১১১ অথবা ০১৭৯০-৫৪০২১০ নম্বরে যোগাযোগ করতে হবে ০১৭৯০৫৪০২১১,ডিজিটাল রেজিস্ট্রেশন সার্টিফিকেট সংক্রান্ত যোগাযোগ করতে হলে জিরো ওয়ান সেভেন নাইন জিরো ট্রিপল ওয়ান ট্রিপল ওয়ান অথবা জিরো ওয়ান সেভেন নাইন জিরো ফাইভ ফোর জিরো টু ওয়ান জিরো নম্বরে যোগাযোগ করতে হবে জিরো ওয়ান সেভেন নাইন জিরো ফাইভ ফোর জিরো টু ডাবল ওয়ান,False,"['০১৭৯০-১১১১১১', '০১৭৯০-৫৪০২১০', '০১৭৯০৫৪০২১১']","['জিরো ওয়ান সেভেন নাইন জিরো ট্রিপল ওয়ান ট্রিপল ওয়ান', 'জিরো ওয়ান সেভেন নাইন জিরো ফাইভ ফোর জিরো টু ওয়ান জিরো', 'জিরো ওয়ান সেভেন নাইন জিরো ফাইভ ফোর জিরো টু ডাবল ওয়ান']"
"রাহিম ক্লাস ওয়ান এ ১ম, ১১তম ২২ তম ৩৩ তম, ১২৩৪ শতাব্দীতে ¥২০৩০.১২৩৪ বিবিধ  বাকেরগঞ্জ উপজেলার প্রায় 40 ভাগের পেশাই চাষাবাদ 80 and 40 ২২""","রাহিম ক্লাস ওয়ান এ প্রথম, এগারোতম বাইশতম তেত্রিশতম, বারোশো চৌত্রিশ শতাব্দীতে দুই হাজার ত্রিশ দশমিক এক দুই তিন চার ইয়েন বিবিধ বাকেরগঞ্জ উপজেলার প্রায় চল্লিশ ভাগের পেশাই চাষাবাদ আশি and চল্লিশ বাইশ """,False,"['১ম, ১১তম ২২ তম ৩৩ তম, ১২৩৪', '¥২০৩০.১২৩৪', '40', '80', '40 ২২""']","['প্রথম, এগারোতম বাইশতম তেত্রিশতম, বারোশো চৌত্রিশ', 'দুই হাজার ত্রিশ দশমিক এক দুই তিন চার ইয়েন', 'চল্লিশ', 'আশি', 'চল্লিশ বাইশ ""']"
"অর্থাৎ, আবেদনকারীর বয়স ১ বছর হলে জন্ম নিবন্ধন ফি ১০ টাকা, বয়স ২ বছর হলে ২০ টাকা, বয়স ৫ বছর হলে ৫০ টাকা, এবং বয়স ১০ বছর হলে ১০০ টাকা হবে","অর্থাৎ, আবেদনকারীর বয়স এক বছর হলে জন্ম নিবন্ধন ফি দশ টাকা, বয়স দুই বছর হলে বিশ টাকা, বয়স পাঁচ বছর হলে পঞ্চাশ টাকা, এবং বয়স দশ বছর হলে একশো টাকা হবে",False,"['১', '১০', '২', '২০', '৫', '৫০', '১০', '১০০']","['এক', 'দশ', 'দুই', 'বিশ', 'পাঁচ', 'পঞ্চাশ', 'দশ', 'একশো']"
"বাংলাদেশের পাসপোর্টের ৪৮ পৃষ্ঠা এবং ১০ বছর মেয়াদের সহ পাসপোর্টের জন্য নিয়মিত বিতরণে ফি ৫,৭৫০ টাকা, জরুরী বিতরণে ফি ৮,০৫০ টাকা, এবং অতীব জরুরী বিতরণের ফি ১০,৩৫০ টাকা","বাংলাদেশের পাসপোর্টের আটচল্লিশ পৃষ্ঠা এবং দশ বছর মেয়াদের সহ পাসপোর্টের জন্য নিয়মিত বিতরণে ফি পাঁচ হাজার সাতশো পঞ্চাশ টাকা, জরুরী বিতরণে ফি আট হাজার পঞ্চাশ টাকা, এবং অতীব জরুরী বিতরণের ফি দশ হাজার তিনশো পঞ্চাশ টাকা",False,"['৪৮', '১০', '৫,৭৫০', '৮,০৫০', '১০,৩৫০']","['আটচল্লিশ', 'দশ', 'পাঁচ হাজার সাতশো পঞ্চাশ', 'আট হাজার পঞ্চাশ', 'দশ হাজার তিনশো পঞ্চাশ']"
"        ""১৯৯৬ টাকা বাংলাদেশের পাসপোর্টের ৬৪ পৃষ্ঠা এবং ৫ বছর মেয়াদের সহ পাসপোর্টের জন্য নিয়মিত বিতরণে ফি ৬,৩২৫ টাকা, জরুরী বিতরণে ফি ৮,৬২৫.৬২৫ টাকা, এবং অতীব জরুরী বিতরণের ফি ১২,০৭৫ টাকা1234 হতে  ২০১৪ সালে বাংলাদেশ আর মানুষ বুজতে শুরু করে ",""" এক হাজার নয়শো ছিয়ানব্বই টাকা বাংলাদেশের পাসপোর্টের চৌষট্টি পৃষ্ঠা এবং পাঁচ বছর মেয়াদের সহ পাসপোর্টের জন্য নিয়মিত বিতরণে ফি ছয় হাজার তিনশো পঁচিশ টাকা, জরুরী বিতরণে ফি আট হাজার ছয়শো পঁচিশ দশমিক ছয় দুই পাঁচ টাকা, এবং অতীব জরুরী বিতরণের ফি বারো হাজার পঁচাত্তর টাকা বারোশো চৌত্রিশ হতে দুই হাজার চৌদ্দ সালে বাংলাদেশ আর মানুষ বুজতে শুরু করে",False,"['""১৯৯৬', '৬৪', '৫', '৬,৩২৫', '৮,৬২৫.৬২৫', '১২,০৭৫ টাকা1234', '২০১৪']","['"" এক হাজার নয়শো ছিয়ানব্বই', 'চৌষট্টি', 'পাঁচ', 'ছয় হাজার তিনশো পঁচিশ', 'আট হাজার ছয়শো পঁচিশ দশমিক ছয় দুই পাঁচ', 'বারো হাজার পঁচাত্তর টাকা বারোশো চৌত্রিশ', 'দুই হাজার চৌদ্দ']"
"1995 সাল  ,  কালো রাত। বুধবার থেকে দুটি আবাসিক এলাকার ৯টি ব্লকে ৯টি দল পাহারা দিচ্ছে। মোসা. রশিদের ""","উনিশশো পঁচানব্বই সাল, কালো রাত। বুধবার থেকে দুটি আবাসিক এলাকার নয়টি ব্লকে নয়টি দল পাহারা দিচ্ছে। মোসা . রশিদের """,False,"['1995', 'সাল', ',', '৯টি', '৯টি', 'মোসা.']","['উনিশশো পঁচানব্বই', 'সাল,', 'নয়টি', 'নয়টি', 'মোসা .']"
"১৯৫৪ সালের রাহিম ক্লাস ওয়ান এ ১ম,উনিশশো চুয়ান্ন সালের রাহিম ক্লাস ওয়ান এ প্রথম, এন্ড বাসার ক্লাস এ তেত্রিশতম, সে জন্য দুই হাজার ত্রিশ শতাব্দীতে দুই হাজার ত্রিশ দশমিক এক দুই তিন চার ইয়েন দিতে হয়েছে, সে জন্য ২০৩০ শতাব্দীতে ¥২০৩০.১২৩৪ দিতে হয়েছে","উনিশশো চুয়ান্ন সালের রাহিম ক্লাস ওয়ান এ প্রথম, এন্ড বাসার ক্লাস এ তেত্রিশতম, সে জন্য দুই হাজার ত্রিশ শতাব্দীতে দুই হাজার ত্রিশ দশমিক এক দুই তিন চার ইয়েন দিতে হয়েছে",False,"['১৯৫৪', '১ম,', '৩৩ তম,', '২০৩০', '¥২০৩০.১২৩৪']","['উনিশশো চুয়ান্ন', 'প্রথম,', 'তেত্রিশতম,', 'দুই হাজার ত্রিশ', 'দুই হাজার ত্রিশ দশমিক এক দুই তিন চার ইয়েন']"
"উদাহরণস্বরূপ, আপনার মোটরযানের রেজিস্ট্রেশন নাম্বার ঢাকা মেট্রো-গ-12-1212 এবং টাকা জমা রশিদের ট্রানজেকশন নাম্বার 2001011325989","উদাহরণস্বরূপ, আপনার মোটরযানের রেজিস্ট্রেশন নাম্বার ঢাকা মেট্রো গ বারো দশমিক এক দুই এক দুই এবং টাকা জমা রশিদের ট্রানজেকশন নাম্বার দুই লক্ষ একশো এক কোটি তেরো লক্ষ পঁচিশ হাজার নয়শো ঊননব্বই ",False,"['মেট্রো-গ-12-1212', '2001011325989']","['মেট্রো গ বারো দশমিক এক দুই এক দুই', 'দুই লক্ষ একশো এক কোটি তেরো লক্ষ পঁচিশ হাজার নয়শো ঊননব্বই']"
"""""আমি যে যে সার্ভিস দিয়ে থাকি ","""আমি যে যে সার্ভিস দিয়ে থাকি",False,"['""""আমি']","['""আমি']"
        # ১.০ মুড়ি বিক্রি , এক দশমিক শূন্য মুড়ি বিক্রি,False,['# ১.০'],['এক দশমিক শূন্য']
        # ২. চাল, দুই চাল,False,['# ২.'],['দুই']
        # ৩. ডাল , তিন ডাল,False,['# ৩.'],['তিন']
"        # 4.1 ডাল"""""," চার দশমিক এক ডাল""",False,"['# 4.1', 'ডাল""""']","['চার দশমিক এক', 'ডাল""']"
১৯৫৪ থেকে ২০১৪ সালে বাংলাদেশ আর মানুষ বুজতে শুরু করে,উনিশশো চুয়ান্ন থেকে দুই হাজার চৌদ্দ সালে বাংলাদেশ আর মানুষ বুজতে শুরু করে,False,"['১৯৫৪', '২০১৪']","['উনিশশো চুয়ান্ন', 'দুই হাজার চৌদ্দ']"
1944 থেকে 2010 সালে বাংলাদেশ আর মানুষ বুজতে শুরু করে,উনিশশো চুয়াল্লিশ থেকে দুই হাজার দশ সালে বাংলাদেশ আর মানুষ বুজতে শুরু করে,False,"['1944', '2010']","['উনিশশো চুয়াল্লিশ', 'দুই হাজার দশ']"
২০২৩ হতে  ২০১৪ সালে বাংলাদেশ আর মানুষ বুজতে শুরু করে,দুই হাজার তেইশ হতে দুই হাজার চৌদ্দ সালে বাংলাদেশ আর মানুষ বুজতে শুরু করে,False,"['২০২৩', '২০১৪']","['দুই হাজার তেইশ', 'দুই হাজার চৌদ্দ']"
১৯৫৪ থেকে ২০১৪ সালে বাংলাদেশ আর মানুষ বুজতে শুরু করে,উনিশশো চুয়ান্ন থেকে দুই হাজার চৌদ্দ সালে বাংলাদেশ আর মানুষ বুজতে শুরু করে,False,"['১৯৫৪', '২০১৪']","['উনিশশো চুয়ান্ন', 'দুই হাজার চৌদ্দ']"
1234 হতে  ২০১৪ শতাব্দী বাংলাদেশ আর মানুষ বুজতে শুরু করে,বারোশো চৌত্রিশ হতে দুই হাজার চৌদ্দ শতাব্দী বাংলাদেশ আর মানুষ বুজতে শুরু করে,False,"['1234', '২০১৪']","['বারোশো চৌত্রিশ', 'দুই হাজার চৌদ্দ']"
২০২৩ চেয়ে  ২০১৪ সালের বাংলাদেশ আর মানুষ বুজতে শুরু ক,দুই হাজার তেইশ চেয়ে দুই হাজার চৌদ্দ সালের বাংলাদেশ আর মানুষ বুজতে শুরু ক,False,"['২০২৩', '২০১৪']","['দুই হাজার তেইশ', 'দুই হাজার চৌদ্দ']"
1995 থেকে 2014 শতাব্দীর বাংলাদেশ আর মানুষ বুজতে শুরু করে,উনিশশো পঁচানব্বই থেকে দুই হাজার চৌদ্দ শতাব্দীর বাংলাদেশ আর মানুষ বুজতে শুরু করে,False,"['1995', '2014']","['উনিশশো পঁচানব্বই', 'দুই হাজার চৌদ্দ']"
1234 হতে  ২০১৪ সালে বাংলাদেশ আর মানুষ বুজতে শুরু করে,বারোশো চৌত্রিশ হতে দুই হাজার চৌদ্দ সালে বাংলাদেশ আর মানুষ বুজতে শুরু করে,False,"['1234', '২০১৪']","['বারোশো চৌত্রিশ', 'দুই হাজার চৌদ্দ']"
2023 চেয়ে 2014সালে বাংলাদেশ আর মানুষ বুজতে শুরু ক,দুই হাজার তেইশ চেয়ে দুই হাজার চৌদ্দ সালে বাংলাদেশ আর মানুষ বুজতে শুরু ক,False,"['2023', '2014সালে']","['দুই হাজার তেইশ', 'দুই হাজার চৌদ্দ সালে']"
১৯৫৪ থেকে ২০১৪ সালে বাংলাদেশ আর মানুষ বুজতে শুরু করে,উনিশশো চুয়ান্ন থেকে দুই হাজার চৌদ্দ সালে বাংলাদেশ আর মানুষ বুজতে শুরু করে,False,"['১৯৫৪', '২০১৪']","['উনিশশো চুয়ান্ন', 'দুই হাজার চৌদ্দ']"
1234 হতে  ২০১৪ শতাব্দীর বাংলাদেশ আর মানুষ বুজতে শুরু করে,বারোশো চৌত্রিশ হতে দুই হাজার চৌদ্দ শতাব্দীর বাংলাদেশ আর মানুষ বুজতে শুরু করে,False,"['1234', '২০১৪']","['বারোশো চৌত্রিশ', 'দুই হাজার চৌদ্দ']"
২০২৩ চেয়ে  ২০১৪ সালের বাংলাদেশ আর মানুষ বুজতে শুরু ক,দুই হাজার তেইশ চেয়ে দুই হাজার চৌদ্দ সালের বাংলাদেশ আর মানুষ বুজতে শুরু ক,False,"['২০২৩', '২০১৪']","['দুই হাজার তেইশ', 'দুই হাজার চৌদ্দ']"
1995 থেকে 2014 শতাব্দীর বাংলাদেশ আর মানুষ বুজতে শুরু করে,উনিশশো পঁচানব্বই থেকে দুই হাজার চৌদ্দ শতাব্দীর বাংলাদেশ আর মানুষ বুজতে শুরু করে,False,"['1995', '2014']","['উনিশশো পঁচানব্বই', 'দুই হাজার চৌদ্দ']"
1234 হতে  ২০১৪ শতাব্দীতে বাংলাদেশ আর মানুষ বুজতে শুরু করে,বারোশো চৌত্রিশ হতে দুই হাজার চৌদ্দ শতাব্দীতে বাংলাদেশ আর মানুষ বুজতে শুরু করে,False,"['1234', '২০১৪']","['বারোশো চৌত্রিশ', 'দুই হাজার চৌদ্দ']"
2023 চেয়ে 2014সাল বাংলাদেশ আর মানুষ বুজতে শুরু ক,দুই হাজার তেইশ চেয়ে দুই হাজার চৌদ্দ সাল বাংলাদেশ আর মানুষ বুজতে শুরু ক,False,"['2023', '2014সাল']","['দুই হাজার তেইশ', 'দুই হাজার চৌদ্দ সাল']"
2023 চেয়ে 2014 খ্রিস্টাব্দ বাংলাদেশ আর মানুষ বুজতে শুরু ক,দুই হাজার তেইশ চেয়ে দুই হাজার চৌদ্দ খ্রিস্টাব্দ বাংলাদেশ আর মানুষ বুজতে শুরু ক,False,"['2023', '2014']","['দুই হাজার তেইশ', 'দুই হাজার চৌদ্দ']"
2023 চেয়ে 2014 খ্রিস্টাব্দের বাংলাদেশ আর মানুষ বুজতে শুরু ক,দুই হাজার তেইশ চেয়ে দুই হাজার চৌদ্দ খ্রিস্টাব্দের বাংলাদেশ আর মানুষ বুজতে শুরু ক,False,"['2023', '2014']","['দুই হাজার তেইশ', 'দুই হাজার চৌদ্দ']"
2023 চেয়ে 2014 খ্রিস্টাব্দ বাংলাদেশ আর মানুষ বুজতে শুরু ক,দুই হাজার তেইশ চেয়ে দুই হাজার চৌদ্দ খ্রিস্টাব্দ বাংলাদেশ আর মানুষ বুজতে শুরু ক,False,"['2023', '2014']","['দুই হাজার তেইশ', 'দুই হাজার চৌদ্দ']"
2023 চেয়ে 2014 খ্রিস্টপূর্বাব্দের বাংলাদেশ আর মানুষ বুজতে শুরু ক,দুই হাজার তেইশ চেয়ে দুই হাজার চৌদ্দ খ্রিস্টপূর্বাব্দের বাংলাদেশ আর মানুষ বুজতে শুরু ক,False,"['2023', '2014']","['দুই হাজার তেইশ', 'দুই হাজার চৌদ্দ']"
2023 চেয়ে 1115 বাংলাদেশ আর মানুষ বুজতে শুরু ক ২০২৩ চেয়ে  ২০১৪ সালে আর মানুষ বুজতে শুরু ২০২৩ চেয়ে 2025 সালে, দুই হাজার তেইশ চেয়ে এক হাজার একশো পনেরো বাংলাদেশ আর মানুষ বুজতে শুরু ক দুই হাজার তেইশ চেয়ে দুই হাজার চৌদ্দ সালে আর মানুষ বুজতে শুরু দুই হাজার তেইশ চেয়ে দুই হাজার পঁচিশ সালে,False,"['2023', '1115', '২০২৩', '২০১৪', '২০২৩', '2025']","['দুই হাজার তেইশ', 'এক হাজার একশো পনেরো', 'দুই হাজার তেইশ', 'দুই হাজার চৌদ্দ', 'দুই হাজার তেইশ', 'দুই হাজার পঁচিশ']"
২০১২সাল ,দুই হাজার বারো সাল,False,['২০১২সাল'],['দুই হাজার বারো সাল']
1994সাল,উনিশশো চুরানব্বই সাল,False,['1994সাল'],['উনিশশো চুরানব্বই সাল']
"09612345678ডিজিটাল  1 6 2 2 2 রেজিস্ট্রেশন০৯৬১২৩৪৫৬৭৮, ডিজিটাল রেজিস্ট্রেশন ০৯৬১০-০১০৬১৬ 09610-010616 সার্টিফিকেট সংক্রান্ত 01790540211124562 যোগাযোগ করতে হলে01790-540211অথবা 01790-541111 নম্বরে যোগাযোগ করতে হবে 01790540211, +8801790540211, ০১৭৯০৫৪০২১১, +৮৮০১৭৯০৫৪০২১১","জিরো নাইন সিক্স ওয়ান টু থ্রি ফোর ফাইভ সিক্স সেভেন এইট ডিজিটাল এক ছয় দুই দুই দুই রেজিস্ট্রেশন জিরো নাইন সিক্স ওয়ান টু থ্রি ফোর ফাইভ সিক্স সেভেন এইট, ডিজিটাল রেজিস্ট্রেশন জিরো নাইন সিক্স ওয়ান ডাবল জিরো ওয়ান জিরো সিক্স ওয়ান সিক্স জিরো নাইন সিক্স ওয়ান ডাবল জিরো ওয়ান জিরো সিক্স ওয়ান সিক্স সার্টিফিকেট সংক্রান্ত জিরো ওয়ান সেভেন নাইন জিরো ফাইভ ফোর জিরো টু ডাবল ওয়ান এক লক্ষ চব্বিশ হাজার পাঁচশো বাষট্টি যোগাযোগ করতে হলে জিরো ওয়ান সেভেন নাইন জিরো ফাইভ ফোর জিরো টু ডাবল ওয়ান অথবা জিরো ওয়ান সেভেন নাইন জিরো ফাইভ ফোর ট্রিপল ওয়ান ওয়ান নম্বরে যোগাযোগ করতে হবে জিরো ওয়ান সেভেন নাইন জিরো ফাইভ ফোর জিরো টু ডাবল ওয়ান, প্লাস ডাবল এইট জিরো ওয়ান সেভেন নাইন জিরো ফাইভ ফোর জিরো টু ডাবল ওয়ান, জিরো ওয়ান সেভেন নাইন জিরো ফাইভ ফোর জিরো টু ডাবল ওয়ান, প্লাস ডাবল এইট জিরো ওয়ান সেভেন নাইন জিরো ফাইভ ফোর জিরো টু ডাবল ওয়ান",False,"['09612345678ডিজিটাল 1 6 2 2 2 রেজিস্ট্রেশন০৯৬১২৩৪৫৬৭৮,', '০৯৬১০-০১০৬১৬ 09610-010616', '01790540211124562', 'হলে01790-540211অথবা 01790-541111', '01790540211, +8801790540211, ০১৭৯০৫৪০২১১, +৮৮০১৭৯০৫৪০২১১']","['জিরো নাইন সিক্স ওয়ান টু থ্রি ফোর ফাইভ সিক্স সেভেন এইট ডিজিটাল এক ছয় দুই দুই দুই রেজিস্ট্রেশন জিরো নাইন সিক্স ওয়ান টু থ্রি ফোর ফাইভ সিক্স সেভেন এইট,', 'জিরো নাইন সিক্স ওয়ান ডাবল জিরো ওয়ান জিরো সিক্স ওয়ান সিক্স জিরো নাইন সিক্স ওয়ান ডাবল জিরো ওয়ান জিরো সিক্স ওয়ান সিক্স', 'জিরো ওয়ান সেভেন নাইন জিরো ফাইভ ফোর জিরো টু ডাবল ওয়ান এক লক্ষ চব্বিশ হাজার পাঁচশো বাষট্টি', 'হলে জিরো ওয়ান সেভেন নাইন জিরো ফাইভ ফোর জিরো টু ডাবল ওয়ান অথবা জিরো ওয়ান সেভেন নাইন জিরো ফাইভ ফোর ট্রিপল ওয়ান ওয়ান', 'জিরো ওয়ান সেভেন নাইন জিরো ফাইভ ফোর জিরো টু ডাবল ওয়ান, প্লাস ডাবল এইট জিরো ওয়ান সেভেন নাইন জিরো ফাইভ ফোর জিরো টু ডাবল ওয়ান, জিরো ওয়ান সেভেন নাইন জিরো ফাইভ ফোর জিরো টু ডাবল ওয়ান, প্লাস ডাবল এইট জিরো ওয়ান সেভেন নাইন জিরো ফাইভ ফোর জিরো টু ডাবল ওয়ান']"
যোগাযোগ করতে হলে01790540211অথবা,যোগাযোগ করতে হলে জিরো ওয়ান সেভেন নাইন জিরো ফাইভ ফোর জিরো টু ডাবল ওয়ান অথবা,False,['হলে01790540211অথবা'],['হলে জিরো ওয়ান সেভেন নাইন জিরো ফাইভ ফোর জিরো টু ডাবল ওয়ান অথবা']
যোগাযোগ করতে হলে01790-540211অথবা,যোগাযোগ করতে হলে জিরো ওয়ান সেভেন নাইন জিরো ফাইভ ফোর জিরো টু ডাবল ওয়ান অথবা,False,['হলে01790-540211অথবা'],['হলে জিরো ওয়ান সেভেন নাইন জিরো ফাইভ ফোর জিরো টু ডাবল ওয়ান অথবা']
" জরুরী বিতরণে ফি ৮,৬২৫.৬২৫ টাকা",জরুরী বিতরণে ফি আট হাজার ছয়শো পঁচিশ দশমিক ছয় দুই পাঁচ টাকা,False,"['৮,৬২৫.৬২৫']",['আট হাজার ছয়শো পঁচিশ দশমিক ছয় দুই পাঁচ']
দাঃবাঃ আমাদের প্রধান অতিথি,দামাত বারাকাতুল্লাহ আমাদের প্রধান অতিথি,False,['দাঃবাঃ'],['দামাত বারাকাতুল্লাহ']
মোসা: রুবিনা ভালো রান্না করেন,মোসা রুবিনা ভালো রান্না করেন,False,['মোসা:'],['মোসা']
রাশিয়ায় ₽৭০০ ব্যয় করেছি,রাশিয়ায় সাতশো রুবেল ব্যয় করেছি,False,['₽৭০০'],['সাতশো রুবেল']
আমার কাছে £৫০০ এবং €৩০০ আছে,আমার কাছে পাঁচশো পাউন্ড এবং তিনশো ইউরো আছে,False,"['£৫০০', '€৩০০']","['পাঁচশো পাউন্ড', 'তিনশো ইউরো']"
"আমি ৳১০,০০০ ব্যয় করেছি""","আমি দশ হাজার টাকা ব্যয় করেছি""",False,"['৳১০,০০০']",['দশ হাজার টাকা']
আ: রহমান আমাদের বন্ধু,আব্দুর রহমান আমাদের বন্ধু,False,['আ:'],['আব্দুর']
মোসাঃ রুবিনা ভালো রান্না করেন,মোসাম্মত রুবিনা ভালো রান্না করেন,False,['মোসাঃ'],['মোসাম্মত']
শাইখ দাঃবাঃ আমাদের মসজিদে আসবেন,শাইখ দামাত বারাকাতুল্লাহ আমাদের মসজিদে আসবেন,False,['দাঃবাঃ'],['দামাত বারাকাতুল্লাহ']
আমার দাদা মোসাঃ খাতুন খুব ভালো মানুষ ছিলেন,আমার দাদা মোসাম্মত খাতুন খুব ভালো মানুষ ছিলেন,False,['মোসাঃ'],['মোসাম্মত']
দাঃবাঃ আমাদের প্রধান অতিথি,দামাত বারাকাতুল্লাহ আমাদের প্রধান অতিথি,False,['দাঃবাঃ'],['দামাত বারাকাতুল্লাহ']
আ: রহমান আমাদের বন্ধু,আব্দুর রহমান আমাদের বন্ধু,False,['আ:'],['আব্দুর']
মো: রিয়াদ ভালো ছাত্র,মোহাম্মদ রিয়াদ ভালো ছাত্র,False,['মো:'],['মোহাম্মদ']
আজকের তাপমাত্রা ৪৪°F,আজকের তাপমাত্রা চুয়াল্লিশ ডিগ্রী ফারেনহাইট,False,['৪৪°F'],['চুয়াল্লিশ ডিগ্রী ফারেনহাইট']
আজকের তাপমাত্রা৪৪°F,আজকের তাপমাত্রা চুয়াল্লিশ ডিগ্রী ফারেনহাইট,False,['তাপমাত্রা৪৪°F'],['তাপমাত্রা চুয়াল্লিশ ডিগ্রী ফারেনহাইট']
মো: কাশেম একজন সফল ব্যবসায়ী,মোহাম্মদ কাশেম একজন সফল ব্যবসায়ী,False,['মো:'],['মোহাম্মদ']
"তিনি পঞ্চাশ পারসেন্ট ছাড় পাচ্ছেন আজকের অফারে।""","তিনি পঞ্চাশ পারসেন্ট ছাড় পাচ্ছেন আজকের অফারে। """,False,"['অফারে।""']","['অফারে। ""']"
আমার কাছে £৫০০ এবং €৩০০ আছে,আমার কাছে পাঁচশো পাউন্ড এবং তিনশো ইউরো আছে,False,"['£৫০০', '€৩০০']","['পাঁচশো পাউন্ড', 'তিনশো ইউরো']"
এই বিলটি ₽৫০০০ এর,এই বিলটি পাঁচ হাজার রুবেল এর,False,['₽৫০০০'],['পাঁচ হাজার রুবেল']
এই বিলটি ₽5000 এর,এই বিলটি পাঁচ হাজার রুবেল এর,False,['₽5000'],['পাঁচ হাজার রুবেল']
রাশিয়ায় ₽৭০০ ব্যয় করেছি,রাশিয়ায় সাতশো রুবেল ব্যয় করেছি,False,['₽৭০০'],['সাতশো রুবেল']
"রাশিয়ায় ₽5000 ব্যয় করেছি""","রাশিয়ায় পাঁচ হাজার রুবেল ব্যয় করেছি""",False,['₽5000'],['পাঁচ হাজার রুবেল']
এই পণ্যটির মূল্য $25.50 লাখ,"এই পণ্যটির মূল্য পঁচিশ দশমিক পাঁচ শূন্য লাখ ডলার, ",False,['$25.50'],"['পঁচিশ দশমিক পাঁচ শূন্য', 'ডলার,']"
আমার কাছে ৳৫০০ আছে,আমার কাছে পাঁচশো টাকা আছে,False,['৳৫০০'],['পাঁচশো টাকা']
সে £১০০ ধার নিয়েছে,সে একশো পাউন্ড ধার নিয়েছে,False,['£১০০'],['একশো পাউন্ড']
রাশিয়ায় ₽৭০০ ব্যয় করেছি,রাশিয়ায় সাতশো রুবেল ব্যয় করেছি,False,['₽৭০০'],['সাতশো রুবেল']
তুরস্কে ₺৩০০ দিয়ে কেনাকাটা করলাম,তুরস্কে তিনশো লিরা দিয়ে কেনাকাটা করলাম,False,['₺৩০০'],['তিনশো লিরা']
"আমি ৳১০,০০০ ব্যয় করেছি",আমি দশ হাজার টাকা ব্যয় করেছি,False,"['৳১০,০০০']",['দশ হাজার টাকা']
"ব্যাংকে ₹২৫,০০০ জমা দিয়েছি",ব্যাংকে পঁচিশ হাজার রুপি জমা দিয়েছি,False,"['₹২৫,০০০']",['পঁচিশ হাজার রুপি']
তিনি ₹১০ লাখ দান করেছেন,"তিনি দশ লাখ রুপি, দান করেছেন",False,['₹১০'],"['দশ', 'রুপি,']"
দোকানে ¥১৫০০ খরচ করলাম,দোকানে এক হাজার পাঁচশো ইয়েন খরচ করলাম,False,['¥১৫০০'],['এক হাজার পাঁচশো ইয়েন']
সে ₺৭৫০ দিয়ে পোশাক কিনেছে,সে সাতশো পঞ্চাশ লিরা দিয়ে পোশাক কিনেছে,False,['₺৭৫০'],['সাতশো পঞ্চাশ লিরা']
"আমাদের কোম্পানি ৳৫,০০,০০০ বিনিয়োগ করেছে",আমাদের কোম্পানি পাঁচ লক্ষ টাকা বিনিয়োগ করেছে,False,"['৳৫,০০,০০০']",['পাঁচ লক্ষ টাকা']
"এই বইটির মূল্য $15""","এই বইটির মূল্য পনেরো ডলার """,False,"['$15""']","['পনেরো ডলার ""']"
আমার উচ্চতা ১৭০ সেমি,আমার উচ্চতা একশো সত্তর সেন্টিমিটার,False,['১৭০ সেমি'],['একশো সত্তর সেন্টিমিটার']
"প্রদর্শনীটি চলার কথা ছিল ১২ মে পর্যন্ত, তবে দর্শকদের ব্যাপক আগ্রহের কারণে তিন দিন সময় বাড়িয়ে ১৫ মে পর্যন্ত করা হয়েছিল ১৫.১৫","প্রদর্শনীটি চলার কথা ছিল বারো মে পর্যন্ত, তবে দর্শকদের ব্যাপক আগ্রহের কারণে তিন দিন সময় বাড়িয়ে পনেরো মে পর্যন্ত করা হয়েছিল পনেরো দশমিক এক পাঁচ ",False,"['১২', '১৫', '১৫.১৫']","['বারো', 'পনেরো', 'পনেরো দশমিক এক পাঁচ']"
"এটা.. খুব.. জরুরি!!""","এটা . খুব . জরুরি! """,False,"['এটা..', 'খুব..', 'জরুরি!!""']","['এটা .', 'খুব .', 'জরুরি! ""']"
তারা একসাথে আছে...,তারা একসাথে আছে . ,False,['আছে...'],['আছে .']
আমি পড়তে ভালোবাসি...,আমি পড়তে ভালোবাসি . ,False,['ভালোবাসি...'],['ভালোবাসি .']
সেখানে একটি বাড়ি আছে...,সেখানে একটি বাড়ি আছে . ,False,['আছে...'],['আছে .']
আমি এটা পছন্দ করি না...,আমি এটা পছন্দ করি না . ,False,['না...'],['না .']
আমি খুব খুশি!!!,আমি খুব খুশি!,False,['খুশি!!!'],['খুশি!']
এটি একটি #টেকনোলজি কনফারেন্স।,এটি একটি টেকনোলজি কনফারেন্স।,False,['#টেকনোলজি'],['টেকনোলজি']
"দয়া !@করে #পবিত্র &)কুরআনুল *কারিম বলেন,,,,পবিত্র কথাটা অবশ্যই বলবেন,,, প্লিজ","দয়া! এট দা রেট করে পবিত্র এবং কুরআনুল *কারিম বলেন, পবিত্র কথাটা অবশ্যই বলবেন, প্লিজ",False,"['দয়া', '!@করে', '#পবিত্র', '&)কুরআনুল', 'বলেন,,,,পবিত্র', 'বলবেন,,,']","['দয়া!', 'এট দা রেট', 'করে', 'পবিত্র এবং', 'কুরআনুল', 'বলেন, পবিত্র', 'বলবেন,']"
"মার্চ ২৫, 1996 তারিখের কনসার্ট টিকেটগুলি দ্রুত বিক্রয় হচ্ছে",মার্চ পঁচিশ উনিশশো ছিয়ানব্বই তারিখের কনসার্টটিকেটগুলি দ্রুত বিক্রয় হচ্ছে,False,"['২৫, 1996', 'কনসার্ট টিকেটগুলি']","['পঁচিশ উনিশশো ছিয়ানব্বই', 'কনসার্টটিকেটগুলি']"
মার্চ ২৫% তারিখের কনসার্ট টিকেটগুলি দ্রুত বিক্রয় হচ্ছে,মার্চ পঁচিশ পারসেন্ট তারিখের কনসার্টটিকেটগুলি দ্রুত বিক্রয় হচ্ছে,False,"['২৫%', 'কনসার্ট টিকেটগুলি']","['পঁচিশ পারসেন্ট', 'কনসার্টটিকেটগুলি']"
র‍্যাব,র‍্যাব,True,[],[]
বাংলা​,বাংলা​,True,[],[]
র‍্য,র‍্য,True,[],[]
ম‍ধ্য,মধ্য,False,['ম\u200dধ্য'],['মধ্য']
তিনি একটি মেল পাঠিয়েছেন @example.com।,তিনি একটি মেল পাঠিয়েছেন এট দা রেট example ডট কম ।,False,['@example.com।'],['এট দা রেট example ডট কম ।']
১৯৯৬সালের ৬ সেপ্টেম্বররণ ভ্রমণ পরিকল্পনা করছি ২০৩০সালের ৬সেপ্টেম্বর দুর্নীতির মাধ্যমে অর্জিত আয়ের উৎস গোপনের জন্য নিজের নামসহ তাঁর আত্মীয়স্বজনের নামে ৭০০০টির বেশি হিসাব খোলেন,উনিশশো ছিয়ানব্বই সালের ছয় সেপ্টেম্বররণ ভ্রমণ পরিকল্পনা করছি দুই হাজার ত্রিশ সালের ছয় সেপ্টেম্বর দুর্নীতির মাধ্যমে অর্জিত আয়ের উৎস গোপনের জন্য নিজের নামসহ তাঁর আত্মীয়স্বজনের নামে সাত হাজারটির বেশি হিসাব খোলেন,False,"['১৯৯৬সালের ৬', '২০৩০সালের', '৬সেপ্টেম্বর', '৭০০০টির']","['উনিশশো ছিয়ানব্বই সালের ছয়', 'দুই হাজার ত্রিশ সালের ছয়', 'সেপ্টেম্বর', 'সাত হাজারটির']"
১৯৮৭-র ১৯৯৫ সালে,উনিশশো সাতাশি এর উনিশশো পঁচানব্বই সালে,False,['১৯৮৭-র ১৯৯৫'],['উনিশশো সাতাশি এর উনিশশো পঁচানব্বই']
এয়ারলাইনসসহ তিনটি এয়ারলাইনসের ৫১টি ফ্লাইটে মো: ২০ হাজার ২৯১ জন হজযাত্রী সৌদি আরবে গেছেন। এ বছর হজ করতে ৮৫ হাজার ২৫৭ জনের সৌদি আরবে যাওয়ার কথা রয়েছে,এয়ারলাইনসসহ তিনটি এয়ারলাইনসের একান্নটি ফ্লাইটে মোহাম্মদ বিশ হাজার দুইশো একানব্বই জন হজযাত্রী সৌদি আরবে গেছেন। এ বছর হজ করতে পঁচাশি হাজার দুইশো সাতান্ন জনের সৌদি আরবে যাওয়ার কথা রয়েছে,False,"['৫১টি', 'মো: ২০', '২৯১', '৮৫', '২৫৭']","['একান্নটি', 'মোহাম্মদ বিশ', 'দুইশো একানব্বই', 'পঁচাশি', 'দুইশো সাতান্ন']"
"উদাহরণস্বরূপ, 1969-2024 আপনার মোটরযানের রেজিস্ট্রেশন নাম্বার ঢাকা মেট্রো-গ-12-1212  চট্টগ্রাম-গ-12-1212 এবং টাকা জমা রশিদের ট্রানজেকশন নাম্বার 2001011325989 চট্ট-গ-12-1212""","উদাহরণস্বরূপ, এক হাজার নয়শো ঊনসত্তর - দুই হাজার চব্বিশ আপনার মোটরযানের রেজিস্ট্রেশন নাম্বার ঢাকা মেট্রো গ বারো দশমিক এক দুই এক দুই চট্টগ্রাম গ বারো দশমিক এক দুই এক দুই এবং টাকা জমা রশিদের ট্রানজেকশন নাম্বার দুই লক্ষ একশো এক কোটি তেরো লক্ষ পঁচিশ হাজার নয়শো ঊননব্বই চট্ট গ বারো দশমিক এক দুই এক দুই""",False,"['1969-2024', 'মেট্রো-গ-12-1212 চট্টগ্রাম-গ-12-1212', '2001011325989 চট্ট-গ-12-1212""']","['এক হাজার নয়শো ঊনসত্তর - দুই হাজার চব্বিশ', 'মেট্রো গ বারো দশমিক এক দুই এক দুই চট্টগ্রাম গ বারো দশমিক এক দুই এক দুই', 'দুই লক্ষ একশো এক কোটি তেরো লক্ষ পঁচিশ হাজার নয়শো ঊননব্বই চট্ট গ বারো দশমিক এক দুই এক দুই""']"
"""1199 সালের ৬ সেপ্টেম্বর তারিখে পারিবারিক অনুষ্ঠান হবে।""","""এগারোশো নিরানব্বই সালের ছয় সেপ্টেম্বর তারিখে পারিবারিক অনুষ্ঠান হবে। """,False,"['""1199', '৬', 'হবে।""']","['""এগারোশো নিরানব্বই', 'ছয়', 'হবে। ""']"
"""১২৩৪ সালের ১৫ মার্চ,  ভ্রমণ পরিকল্পনা করছি।""","""বারোশো চৌত্রিশ সালের পনেরো মার্চ, ভ্রমণ পরিকল্পনা করছি। """,False,"['""১২৩৪', '১৫', 'করছি।""']","['""বারোশো চৌত্রিশ', 'পনেরো', 'করছি। ""']"
"""১৩০০ সালের ১ জুলাই নতুন ঘর উদ্বোধন করা হবে।""","""তেরোশো সালের এক জুলাই নতুন ঘর উদ্বোধন করা হবে। """,False,"['""১৩০০', '১', 'হবে।""']","['""তেরোশো', 'এক', 'হবে। ""']"
"""১৩৯৯ সালের ২৮ জানুয়ারি একটি ঐতিহাসিক ঘটনার স্মরণ করা হবে।""","""তেরোশো নিরানব্বই সালের আঠাশ জানুয়ারি একটি ঐতিহাসিক ঘটনার স্মরণ করা হবে। """,False,"['""১৩৯৯', '২৮', 'হবে।""']","['""তেরোশো নিরানব্বই', 'আঠাশ', 'হবে। ""']"
"""১৪৫৬ সালের ১০ মে,  আমার দাদার জন্মবার্ষিকী উদযাপন করব।""","""চৌদ্দশো ছাপ্পান্ন সালের দশ মে, আমার দাদার জন্মবার্ষিকী উদযাপন করব। """,False,"['""১৪৫৬', '১০', 'করব।""']","['""চৌদ্দশো ছাপ্পান্ন', 'দশ', 'করব। ""']"
"""১৫০০ সালের ২৮ ফেব্রুয়ারি একটি নাট্য মঞ্চস্থ করা হবে।""","""পনেরোশো সালের আঠাশ ফেব্রুয়ারি একটি নাট্য মঞ্চস্থ করা হবে। """,False,"['""১৫০০', '২৮', 'হবে।""']","['""পনেরোশো', 'আঠাশ', 'হবে। ""']"
"""১৬৭৮ সালের ১২ আগস্ট,  বিশেষ সভা অনুষ্ঠিত হতে যাচ্ছে।""","""ষোলশো আটাত্তর সালের বারো আগস্ট, বিশেষ সভা অনুষ্ঠিত হতে যাচ্ছে। """,False,"['""১৬৭৮', '১২', 'যাচ্ছে।""']","['""ষোলশো আটাত্তর', 'বারো', 'যাচ্ছে। ""']"
"""১৭৫৯ সালের ৫ ডিসেম্বর পিকনিক অনুষ্ঠানের আয়োজন আছে।""","""সতেরোশো ঊনষাট সালের পাঁচ ডিসেম্বর পিকনিক অনুষ্ঠানের আয়োজন আছে। """,False,"['""১৭৫৯', '৫', 'আছে।""']","['""সতেরোশো ঊনষাট', 'পাঁচ', 'আছে। ""']"
"""১৮৩০ সালের ২০ এপ্রিল,  সামাজিক সমাবেশের কথা ভেবেছি।""","""আঠারোশো ত্রিশ সালের বিশ এপ্রিল, সামাজিক সমাবেশের কথা ভেবেছি। """,False,"['""১৮৩০', '২০', 'ভেবেছি।""']","['""আঠারোশো ত্রিশ', 'বিশ', 'ভেবেছি। ""']"
"""১৯০১ সালের ৭ অক্টোবরে বইমেলা শুরু হবে।""","""উনিশশো এক সালের সাত অক্টোবরে বইমেলা শুরু হবে। """,False,"['""১৯০১', '৭', 'হবে।""']","['""উনিশশো এক', 'সাত', 'হবে। ""']"
"""১৯২০ সালের ২৫ জুন বিশেষ ওয়ার্কশপ পরিকল্পনা করছি।""","""উনিশশো বিশ সালের পঁচিশ জুন বিশেষ ওয়ার্কশপ পরিকল্পনা করছি। """,False,"['""১৯২০', '২৫', 'করছি।""']","['""উনিশশো বিশ', 'পঁচিশ', 'করছি। ""']"
"""১৯৪৫ সালের ১৯ জানুয়ারি বিশ্বযুদ্ধ-পরবর্তী আলোচনা হবে।""","""উনিশশো পঁয়তাল্লিশ সালের উনিশ জানুয়ারি বিশ্বযুদ্ধ পরবর্তী আলোচনা হবে। """,False,"['""১৯৪৫', '১৯', 'বিশ্বযুদ্ধ-পরবর্তী', 'হবে।""']","['""উনিশশো পঁয়তাল্লিশ', 'উনিশ', 'বিশ্বযুদ্ধ পরবর্তী', 'হবে। ""']"
"""১৯৮৮ সালের ৩০ নভেম্বর আমার জন্মদিনের অনুষ্ঠান আছে।""","""উনিশশো আটাশি সালের ত্রিশ নভেম্বর আমার জন্মদিনের অনুষ্ঠান আছে। """,False,"['""১৯৮৮', '৩০', 'আছে।""']","['""উনিশশো আটাশি', 'ত্রিশ', 'আছে। ""']"
"""১৯৯৯ সালের ১৫ সেপ্টেম্বর একটি কনসার্ট অনুষ্ঠিত হবে।"" ","""উনিশশো নিরানব্বই সালের পনেরো সেপ্টেম্বর একটি কনসার্ট অনুষ্ঠিত হবে। """,False,"['""১৯৯৯', '১৫', 'হবে।""']","['""উনিশশো নিরানব্বই', 'পনেরো', 'হবে। ""']"
